id,name,surname,gender
522-43-8513,Codi,De Bischop,M
657-65-1375,Bianka,Braddick,F
758-33-0741,Nelly,Birbeck,F
103-27-7531,Shaylah,Rubes,F
770-20-2889,Renado,Bartusek,M
154-45-2092,Homere,Goalby,M
124-11-8731,Cy,Babonau,M
815-31-8074,Bridie,Spurgin,F
740-79-5982,Laina,Revan,F
554-55-2627,Neilla,Oller,F
837-97-5471,Allayne,Kille,M
678-32-3129,Clayton,Toppin,M
185-70-8172,Shalna,Wheway,F
628-90-9640,El,Whotton,M
554-69-7782,Stephen,Battson,M
727-31-2244,Dana,Snowdon,F
602-77-0362,Catarina,Oleszczak,F
360-93-2214,Cart,Laurence,M
722-86-2393,Arielle,Humble,F
539-41-6889,Christine,Old,F
670-59-5174,Gisela,Ech,F
127-34-3323,Maynard,Roizn,M
268-22-5773,Calv,Penberthy,M
221-37-9290,Ase,Washtell,M
662-65-5084,Thaddeus,Rulten,M
284-83-1311,Kalie,Klossmann,F
207-39-6747,Durant,Wilber,M
439-04-6589,Crosby,Gammack,M
544-32-5083,Laetitia,Gostyke,F
408-53-7651,Issi,Burnsides,F
809-75-4880,Leontine,Bethell,F
516-28-1379,Waiter,Nail,M
189-20-7080,Eugen,De Micoli,M
661-37-6719,Callie,Naris,F
692-76-3986,Devin,Chataignier,F
709-14-1049,Chane,Cardnell,M
586-38-8505,Johan,Gritland,M
580-09-0966,Sumner,Harragin,M
561-16-1919,Matthiew,Laybourne,M
207-07-3134,Davin,Goldstein,M
319-75-4785,Trixie,Whalley,F
400-06-2201,Roz,Lorenzini,F
100-74-3408,Kurtis,Monks,M
854-12-7097,Lazar,Livett,M
798-46-4016,Alf,Dettmar,M
863-62-3112,Reamonn,Rodge,M
260-35-2522,Jesse,Fozzard,M
836-79-1146,Leighton,Symper,M
655-92-0809,Tyrus,M'Chirrie,M
188-61-2643,Aurie,Driscoll,F
167-91-1488,Clay,Abel,M
209-42-6436,Terrence,Artingstall,M
182-07-3610,Kimmi,Kruschev,F
427-60-0678,Towny,Torbett,M
798-31-4644,Rodrique,Norris,M
687-25-4793,Carol-jean,Ingleston,F
201-66-9733,Rowen,Goudard,M
207-99-1022,Austen,Tebbe,M
759-46-7088,Pammi,Iorio,F
489-71-5073,Vita,Ciraldo,F
485-01-6118,Stormi,Truggian,F
261-58-1529,Selina,Rowney,F
754-69-1724,Petr,Dundridge,M
159-20-5909,Corena,Stourton,F
358-01-4737,Erroll,Tindle,M
886-71-2165,Hatty,Learmouth,F
638-26-0576,Arvy,Leyfield,M
458-01-6108,Roseanna,McNaught,F
477-38-8469,Pen,Petrashkov,F
443-11-2666,Garald,Palfery,M
798-39-1009,Devan,Veall,F
305-96-9616,Rock,Ancliff,M
811-95-8463,Ulrike,Deschlein,F
229-54-4611,Hewitt,Bottinelli,M
615-20-6808,Giraud,Sweynson,M
278-13-6609,North,Yapp,M
121-93-2663,Clemmy,McMurtyr,M
784-60-3771,Lita,Levay,F
219-62-5186,Denny,Goldsbrough,F
827-26-5110,Mirilla,Jurczak,F
141-75-0881,Edmund,Mulheron,M
341-94-8204,Anna-diane,Pietersma,F
313-36-8178,Janith,McCandless,F
399-32-0566,Nettie,Redman,F
446-91-8981,Francisca,Sarfass,F
247-76-5541,Efren,Bultitude,M
246-83-6993,Aile,Summerley,F
518-82-3958,Gearalt,Grebner,M
705-03-3392,Kris,Murden,M
755-28-7378,Malinda,Simm,F
183-10-0363,Yule,Labrenz,M
488-90-6191,Damara,Wilcocke,F
496-19-0498,Mavra,Jikylls,F
285-88-3643,Neal,Rowen,M
651-42-1122,Fredek,Pales,M
650-79-2976,Ximenes,Gair,M
570-37-4555,Raddy,Bowlas,M
442-13-0486,Lucine,Pantry,F
792-04-8682,Elizabeth,Whitchurch,F
294-22-7617,Duff,Coorington,M
438-13-4631,Myer,Godon,M
443-88-6723,Caralie,Ary,F
170-28-4273,Lizette,Markie,F
723-13-6150,Mannie,Hevner,M
159-39-5493,Courtenay,Bainton,F
247-24-5237,Tanney,Oultram,M
160-34-7492,Connor,Witchard,M
580-48-9151,Max,Starbucke,M
178-04-6678,Nigel,Phlipon,M
373-20-1699,Tripp,Stritton,M
704-50-3745,Roland,Girodias,M
816-53-9141,Aluino,Elesander,M
384-45-4883,Ivory,Jochens,F
436-83-9132,Konstanze,Argrave,F
802-13-5441,Araldo,Marzellano,M
704-50-7415,Nevsa,Tinn,F
133-87-5177,Rafa,Devine,F
897-96-1191,Evonne,Brinicombe,F
479-73-0438,Donni,De Laci,F
817-80-7429,Paige,Brissenden,F
539-65-8565,Rhonda,Beacroft,F
661-48-1033,Sheena,Vinas,F
446-84-9975,Tannie,Baigrie,M
501-37-0482,Delano,Morrison,M
170-81-3192,Carolynn,Fullylove,F
703-36-3220,Dasie,Swaine,F
710-90-2642,Megen,Sein,F
457-21-9890,Griswold,McLay,M
778-11-6892,Tonya,O'Callaghan,F
415-12-9937,Tina,Targett,F
407-35-4165,Teddie,Kilpin,F
875-24-4484,Marcello,Elstob,M
686-99-1417,Ali,Gaiford,F
104-57-4815,Linda,Messenger,F
249-28-1200,Phylis,Hatherill,F
290-27-0572,Marne,Shadrack,F
190-07-3858,Lorrayne,Eastbury,F
827-30-9983,Raff,Tyght,M
515-20-5477,Shina,Bresnen,F
180-56-6714,Erinn,Stovin,F
213-36-9119,Cacilie,Philipsen,F
348-07-7533,Rikki,Redier,F
292-50-7665,Blancha,Redmell,F
764-20-8739,Cassondra,Fotitt,F
110-85-9459,Cosette,Lynds,F
444-20-2362,Aaren,Danielsson,F
504-42-1532,Feodor,Stilly,M
766-02-8788,Olav,Merrall,M
107-81-2860,Aloysia,Darington,F
253-43-4005,Daniela,Rollett,F
139-77-0046,Berny,O'Sheeryne,M
487-46-8789,Lyssa,Francescoccio,F
709-44-0934,Mervin,Potteridge,M
325-38-4173,Chlo,Goodyear,F
227-33-2379,Norine,Murtagh,F
443-81-3895,Halette,Bucher,F
420-05-6542,Parke,Bilt,M
707-52-4075,Octavius,Brend,M
595-16-5366,Vida,Pottes,F
336-22-5741,Burg,Berryann,M
660-68-6562,Tadeas,Oxenford,M
736-41-0915,Peria,Bestar,F
806-59-7147,Minnnie,Amber,F
184-21-1690,Cherie,Place,F
444-53-5263,Dominica,Canfield,F
419-35-5088,Conn,Balasin,M
546-37-0508,Marian,Duesberry,F
625-69-2925,Kendell,Sibray,M
149-72-1875,Kiley,Birchill,F
561-51-1007,Derrick,Yarnold,M
345-18-1261,Alfons,Wingfield,M
574-78-3096,Brander,Wrought,M
390-09-3096,Valida,Lieb,F
840-49-7051,Raff,Metson,M
172-67-4844,Zenia,Halvosen,F
101-49-2931,Angeli,Snedker,M
133-46-4580,Helga,Ketcher,F
697-61-3512,Milly,Kynoch,F
716-92-3535,Arne,Gwilliam,M
710-37-7717,Anitra,Ruby,F
153-54-7429,Angel,Ambrosetti,M
597-05-1432,Lombard,Ledekker,M
700-15-3499,Vernon,Antonucci,M
268-17-0127,Donnie,Burrells,F
442-60-6446,Padraic,Smurfit,M
808-32-3655,Ward,Maseres,M
182-61-8067,Chan,Feares,M
234-51-9226,Caz,McCreery,M
644-47-3208,Taddeo,Stodit,M
687-77-4120,Isabelle,Streater,F
821-96-3577,Junina,China,F
194-73-6264,Evyn,Holleworth,M
816-99-4802,Winnah,Hockey,F
863-97-0604,Cal,MacKegg,F
530-82-3447,Morris,Mixter,M
200-78-6826,Brittan,Minett,F
842-11-2478,Jessie,Yaknov,F
131-84-2479,Theda,Eveque,F
722-44-2334,Birdie,Lauritzen,F
414-37-9571,Alastair,Bermingham,M
823-12-0429,Lucia,Matthews,F
728-70-1463,Herby,Djuricic,M
466-13-0387,Brittan,Creyke,F
220-74-2615,Marlow,Berthouloume,M
708-49-2585,Bink,Gosnall,M
618-89-6283,Teodor,Freda,M
449-86-0985,Orly,Smullen,F
746-50-5227,Lilyan,Stickings,F
169-76-4156,Enos,Snowding,M
209-92-4774,Gusta,Scolding,F
145-89-6446,Montgomery,Mungane,M
890-57-9197,Ahmad,Rossin,M
438-35-8753,Micaela,Howieson,F
557-67-0208,Elga,Amberger,F
838-14-9538,Danya,Menego,F
139-75-5361,Rodolfo,Sutherby,M
716-45-8732,Daniela,Hubatsch,F
672-92-9926,Casper,Tarry,M
779-94-6727,Cathy,Farrier,F
164-37-5418,Briana,Goodwyn,F
777-83-7492,Odilia,Catanheira,F
497-86-3051,Dido,Kummerlowe,F
685-30-7776,Rodd,Kirkam,M
672-25-1265,Shellysheldon,Deverson,M
273-88-6270,Jacky,Wernham,M
231-98-9449,Hailee,Gomm,F
669-82-5074,Ozzy,Hulbert,M
767-96-2693,Adorne,Jeppensen,F
699-06-4126,Karlis,Crenage,M
465-01-4884,Lindon,Ochterlony,M
725-40-0304,Tillie,Dahler,F
381-52-0867,Lin,Medlar,F
292-65-2671,Ellene,Ghion,F
509-81-9412,Derick,Wetherby,M
229-53-9592,Nelle,Downham,F
710-14-7494,Elianore,Maddaford,F
110-98-8114,Robbi,Simcoe,F
410-96-8872,Marchelle,Engley,F
226-99-6838,Forest,Ledwitch,M
312-38-6031,Rudie,Kirkbride,M
392-63-1804,Tate,Wiley,F
638-77-9783,Jerrie,Hassur,F
388-24-0607,Mikol,Roche,M
495-13-5070,Nicolais,Hugues,M
514-83-4181,Blayne,Back,M
510-52-9617,Halsy,Taile,M
436-18-5436,Titos,Hamsley,M
380-15-3105,Weber,Tromans,M
165-61-6967,Nancie,Lagden,F
188-18-9376,Kissiah,Eberst,F
402-77-5637,Evey,Lowndes,F
401-64-2564,Arlan,Frankcom,M
400-16-2371,Herrick,Andrassy,M
689-47-4764,Ignaz,Rimmer,M
871-77-5729,Ulrica,Sammes,F
146-26-0797,Lindon,Licciardo,M
166-65-4279,Nikita,Hellicar,M
287-32-1726,Regan,Mackerness,M
450-81-3504,Hagan,Varcoe,M
756-17-4106,Dusty,Madre,F
811-72-0461,June,O'Connel,F
896-51-5701,Lock,Budibent,M
428-88-8969,Urbano,Rickell,M
123-27-1468,Jeth,Feldstern,M
565-11-8962,Kennett,MacGilrewy,M
148-71-5065,Damien,Mahody,M
442-60-4846,Griffin,Brandel,M
521-82-4347,Janifer,Turrill,F
451-54-8301,Bendick,Borres,M
847-16-4484,Garey,Cockerell,M
386-95-1484,Livvie,Leverett,F
521-70-3710,Spense,Purdon,M
835-57-0480,Abdel,Morrow,M
316-34-9331,Nonah,Rivlin,F
814-48-9193,Gregg,Danne,M
771-78-6423,Giulio,Zorer,M
189-28-5843,Pauly,Gaskamp,M
831-53-4832,Romain,McGivena,M
614-37-1383,Tynan,Francesch,M
366-42-1324,Katinka,Bohling,F
808-41-3469,Dorey,Clare,F
541-86-3927,Rois,Ohrt,F
657-37-2297,Rusty,Coldtart,M
308-75-1272,Jorge,Utting,M
320-53-4941,Willyt,Antrobus,F
559-07-1650,Cate,Kidner,F
287-47-2177,Marlie,Megany,F
214-91-0137,Dorthea,Starcks,F
436-84-0759,Merola,Lantoph,F
413-25-4805,Dewitt,Faithfull,M
365-21-6037,Darcy,Menichini,F
647-55-2765,Ashil,Duckerin,F
240-45-7730,Ringo,Bawle,M
569-86-9202,Garik,Pickring,M
202-28-3136,Jolie,Wasmer,F
149-53-2309,Nickie,Colley,M
855-73-3798,Erwin,Pocklington,M
162-21-8586,Stevana,Board,F
519-36-9827,Sonnnie,Yukhnini,F
489-67-3859,Inessa,Wise,F
810-16-2620,Kara-lynn,Cantero,F
640-77-8300,Melly,Bon,F
734-55-3307,Frederick,Lomax,M
128-17-8034,Massimiliano,Verma,M
418-18-5965,Hetty,Symes,F
785-33-7432,Joni,Kiellor,F
452-95-0522,Lisetta,Weems,F
383-31-1157,Juan,Brownlie,M
406-02-3412,Oliver,Jobb,M
567-58-1577,Link,Churchman,M
795-34-0826,Dulci,Mulholland,F
190-72-8309,Sallee,Delagua,F
590-72-7088,Bronnie,Heineke,M
223-32-2180,Rodie,Grimoldby,F
711-29-0492,Belvia,Lymer,F
105-13-8505,Lazaro,Clementucci,M
865-17-5876,Alla,Langworthy,F
230-40-8532,Chilton,Verdy,M
144-13-8868,Dru,Goodall,M
759-71-6906,Milzie,Prevett,F
113-60-3975,Regen,Gittus,M
244-92-9239,Ignace,Lyster,M
308-52-8772,Bernard,Currer,M
385-61-7463,Linn,Lucio,M
677-13-1848,Allie,Gallaher,F
533-20-4135,Libbi,Deerness,F
401-67-1187,Paxon,Woodley,M
485-69-5867,Umberto,Runham,M
220-59-2263,Jake,Burndred,M
100-45-8967,Tymon,Pesek,M
149-66-9006,Lorenza,Auton,F
478-44-8835,Dorothea,Gronowe,F
580-81-5202,Bank,Dilley,M
556-86-6594,Evie,Burmingham,F
221-91-5269,Dione,Channer,F
823-28-8071,Natale,Vennart,M
287-69-4439,Keane,Baike,M
280-94-0995,Willie,Cranmore,F
162-12-4463,Marje,Brewis,F
482-61-5875,Mathian,Harrop,M
819-17-5605,Fabe,Pockey,M
466-05-4984,Janetta,Roizn,F
712-04-9605,Edeline,Chadd,F
710-48-3003,Alec,Clementet,M
153-32-3964,Lydon,Vearncomb,M
817-81-4876,Karel,Sollam,M
367-29-6996,Robinet,Kiddie,F
796-26-7216,Joannes,Sheahan,F
670-87-5425,Rachele,Messham,F
467-35-0308,Thelma,Siemons,F
812-56-3211,Faber,Olczyk,M
818-36-1530,Angelico,Dutnell,M
345-75-8577,Cly,Gepheart,M
619-76-3212,Ilene,Kibbel,F
835-68-0154,Bessy,Hatzar,F
339-57-6202,Elbertina,Jiggle,F
233-20-0138,Doy,Josefsen,M
706-55-3671,Mirabel,Pinchbeck,F
891-30-1781,Hollie,Healings,F
854-10-7346,Dorene,Gresham,F
172-35-4251,Lowell,Clem,M
290-10-7310,Crystie,Guihen,F
877-74-3742,Madelle,Hawarden,F
146-04-4246,Dale,Berrane,F
286-94-9530,Charley,Skillings,M
641-65-2588,Nickey,Attryde,M
338-12-8328,Antonino,Linger,M
401-33-7163,Merrel,MacCarlich,M
619-17-8156,Dulcy,Gidden,F
687-74-5288,Kimmie,Ragat,F
754-65-2131,Morrie,Jacobbe,M
183-96-9026,Savina,Kull,F
370-54-1949,Elfie,Songest,F
686-95-7612,Sashenka,Dougary,F
250-39-9047,Thom,Bayless,M
387-11-5814,Alvina,Enticott,F
361-16-2868,Mandi,McCullum,F
177-49-2127,Lucian,Pollington,M
847-22-7928,Germain,MacKeever,F
700-38-7364,Lanny,McIlreavy,M
862-59-7361,Geri,Caple,M
472-37-5055,Jamie,Cardinale,M
171-11-2224,Tiffy,Rubi,F
608-61-1971,Linus,Merryman,M
265-37-1369,Delmar,Rushforth,M
893-70-2800,Arlie,Shadrach,F
442-22-6299,Binnie,Kneale,F
831-66-8607,Laurene,Sonley,F
226-32-8151,Jon,Levins,M
105-18-7649,Shaylyn,Eaglesham,F
408-69-5927,Rickie,Roseby,M
423-28-2195,Vinita,Gibbieson,F
707-31-6858,Tiffany,Devote,F
566-35-2755,Margit,Redmond,F
380-05-2581,Waring,Bunn,M
228-61-8948,Mil,Feetham,F
674-83-7708,Jamill,Whelan,M
247-64-2986,Arny,Coupman,M
316-69-3758,Georas,Wharton,M
537-72-9787,Cale,Scading,M
343-30-9522,Katya,Bustard,F
696-74-3137,Alvera,Harmar,F
609-02-0097,Mattheus,Grigorian,M
795-56-8198,Ozzie,De Gregario,M
621-32-1785,Tammie,Harcarse,M
221-14-3019,Sid,Trayton,M
150-54-2690,Celestia,Mothersole,F
725-12-7836,Julina,Faux,F
832-39-3080,Joni,Whorlton,F
467-17-4942,Farr,Tewkesbury,M
308-23-3523,Rubetta,Pulham,F
231-06-5984,Miriam,Challenger,F
453-32-3720,Merline,Dolley,F
787-38-5481,Noby,Abbett,M
571-93-9177,Giorgia,Cleef,F
374-38-2120,Shawnee,Houldey,F
172-03-5141,Muffin,Learned,M
881-54-7733,Benito,Gaskoin,M
226-78-3085,Benjie,Kamiyama,M
757-80-2990,Boyce,Ovanesian,M
553-24-1054,Allegra,Gehrels,F
504-63-9994,Morton,Kenrick,M
890-92-1608,Marga,Mussington,F
531-50-3919,Shaylah,Haburne,F
184-13-0067,Kiley,Waldren,F
895-98-8450,Tricia,Bassindale,F
557-49-7947,Ruthanne,Darnell,F
216-24-5562,Kaia,Traite,F
457-75-9473,Rip,Celloni,M
584-58-8700,Adelaida,Bunner,F
873-03-1456,Reinhold,Dedam,M
365-80-3689,Normand,Duckfield,M
426-48-3434,Hasty,Metschke,M
796-78-3272,Urson,Smitten,M
799-40-6362,Garey,Mulvihill,M
292-09-8554,Jaine,Adelsberg,F
229-15-9311,Liv,Grayley,F
686-88-6994,Kim,Lindmark,F
540-61-9120,Desmond,Gabler,M
433-42-3736,Auberta,Iveagh,F
475-33-1801,Sig,MacAnespie,M
397-73-6018,Cassie,Mandeville,M
849-92-1966,Herold,Alu,M
788-79-5221,Aleen,O'Fielly,F
447-45-5205,Raddie,Adamowitz,M
192-40-5120,Mufinella,Storah,F
692-92-6572,Kinna,Ghioni,F
117-24-9487,Caritta,Kasper,F
111-63-0442,Carlyn,Thrussell,F
828-06-8690,Filia,Woodings,F
879-21-2526,Standford,Petheridge,M
330-52-2378,Juliann,McInerney,F
703-57-1249,Jillian,Comelli,F
761-46-3117,Doyle,Petracco,M
372-02-2973,Cornie,Bittleson,M
880-18-7303,Dannie,Canon,M
453-67-0133,Claribel,Breheny,F
141-35-0970,Myrtie,Turfin,F
654-62-2887,Julee,Ogers,F
193-55-1271,Nanny,Roth,F
109-06-5420,Killie,Ghilks,M
548-70-8976,Derick,Bienvenu,M
147-63-1324,Leela,Borit,F
887-61-7227,Ethan,Massot,M
818-08-0898,Seline,Greatreax,F
100-06-0549,Cordelia,Sherebrook,F
837-05-0737,Rebeka,Manifold,F
769-07-8859,Jaclyn,Hedaux,F
475-71-4533,Ringo,Yakunkin,M
177-51-0974,Archie,Lambal,M
137-75-4006,Ludvig,Horsefield,M
639-75-8066,Wayland,Crossingham,M
116-29-3221,Reinhard,Trapp,M
321-16-5412,Ham,Duigan,M
184-52-3650,Auria,Surplice,F
301-71-6627,Emory,Stouther,M
422-57-9479,Kristy,Abrahamoff,F
739-34-0550,Florette,Sugden,F
710-05-2104,Selle,Strodder,F
784-30-6682,Marci,Causer,F
472-02-0067,Kerrin,Tulip,F
168-79-2146,Shayne,Caunt,M
398-98-6678,Laverna,Schapiro,F
315-80-9486,Danie,Overland,M
215-15-0774,Laura,Suddock,F
115-48-7132,Cullen,Iannuzzi,M
253-45-2594,Mellie,Masters,F
242-43-6357,Aviva,Lewsam,F
689-70-6081,Heindrick,Gehrtz,M
753-54-6064,Moselle,Sinson,F
297-83-4166,Orson,Saxby,M
248-90-9489,June,Painter,F
692-16-3266,Spencer,Killimister,M
872-39-2830,Jo-ann,Anker,F
154-59-2203,Belva,Maiklem,F
793-73-7729,Arlina,Queen,F
470-04-9313,Carlye,Dacre,F
138-65-8422,Hillery,Philbrook,M
427-20-9741,Stepha,Glas,F
465-14-6541,Ambrosius,Lillgard,M
581-92-9736,Angil,Hucke,F
222-09-6742,Sileas,Arnoll,F
373-93-4197,Heida,Ferns,F
176-46-8412,Rutter,Crompton,M
284-58-6841,Cesare,Rodolico,M
692-62-4467,Theobald,Postan,M
717-95-5165,Alasteir,Pogg,M
802-93-0617,Pip,Laughlin,M
712-85-3526,Rosamund,Rantoul,F
389-69-6596,Glynis,Blueman,F
136-80-6394,Karlen,Girsch,F
510-81-9439,Joshua,Ollie,M
690-49-0455,Ringo,Greyes,M
571-49-5484,Frannie,Naisey,F
863-51-9852,Broddie,Bisseker,M
128-14-8516,Kristan,Briddock,F
469-15-7667,Marisa,Orneles,F
255-11-2500,Yovonnda,Windless,F
534-40-4953,Mitzi,Sabathe,F
876-63-4473,Alexio,Worrell,M
464-20-0473,Gussie,Eliyahu,F
809-70-4373,Cherice,Nerney,F
107-80-2772,Gaylene,Warfield,F
325-64-0637,Mikey,Dallow,M
261-27-9029,Deane,Lambarth,M
419-51-9157,Ogdon,Jennery,M
670-70-1879,Charles,Soulsby,M
126-56-3481,Gaultiero,Sever,M
512-85-2610,Malena,Pullen,F
428-77-3461,Cathlene,Luxen,F
413-91-2171,Wilona,Fonte,F
722-38-6433,Allistir,McQuillin,M
114-19-1055,Callean,Aizik,M
130-76-7746,Dredi,Escofier,F
835-55-4128,Maure,Willcott,F
210-85-0592,Harmonia,Demer,F
714-95-9559,Maudie,Griswood,F
680-69-4026,Roxane,Stearley,F
675-46-3498,Rey,Grieve,M
459-96-6300,Chaddie,Fennick,M
489-50-2252,Natal,Brixey,M
677-62-6841,Eben,Normabell,M
503-48-2251,Vernon,Samwaye,M
606-79-2043,Hayyim,Bote,M
196-70-5576,Tasia,Jakobssen,F
562-93-4429,Ariella,Belchamp,F
194-24-4858,Lian,Swaffield,F
467-95-2388,Buddy,Walthall,M
212-14-3110,Farrell,Beebis,M
694-16-5657,Stephie,Ash,F
587-36-6481,Pablo,Trevett,M
654-28-0450,Lydie,Widdowes,F
764-64-2720,Cristy,Arbuckel,F
371-78-7282,Clotilda,Kitman,F
403-80-7199,Marlowe,Bottrell,M
337-22-2961,Lyssa,Quinane,F
360-68-6052,Hamnet,Hallgarth,M
350-25-3873,Alley,Solan,M
155-94-5256,Sancho,Horick,M
326-10-4438,Kerwin,Batthew,M
742-10-9873,Ester,Silly,F
542-56-5705,Cahra,Lenihan,F
816-56-9440,Terrijo,Darrach,F
319-49-9488,Kristofer,Dennitts,M
103-36-4762,Philippine,Rawkesby,F
160-14-9678,Luce,Minmagh,M
659-62-1393,Sile,Cullagh,F
552-43-9534,Ulberto,Shillito,M
476-82-7488,Tiffi,Cardwell,F
827-60-2899,Leann,Marquiss,F
352-53-3611,Fanechka,Philippsohn,F
327-84-1731,Onofredo,Larter,M
550-67-7805,Helen,Lipsett,F
781-35-3106,Gwendolen,Janczewski,F
343-83-9962,Lucho,Bute,M
841-64-0640,Demetri,Woakes,M
237-49-5285,Bell,Pedlar,F
527-62-4492,Pier,Hilhouse,F
572-28-3294,Kellen,Sarver,F
395-78-3989,Curr,Bagg,M
575-31-5011,Thaxter,Martini,M
875-64-4256,Tiena,Coplestone,F
140-57-4327,Alisander,Botfield,M
251-54-3785,Dino,Croxton,M
232-17-1323,Trenton,Pasterfield,M
607-62-9866,Vanya,Bertson,M
346-15-0565,Mariann,Capsey,F
744-84-2100,Bridie,Noell,F
468-72-9122,Theobald,Crummay,M
433-02-2665,Asia,Khotler,F
856-27-6764,Isaiah,Longhirst,M
419-95-6988,Ambrosius,Crowley,M
477-60-5882,Trey,Jehaes,M
844-51-6052,Raimund,Martine,M
363-07-6139,Filbert,Maron,M
578-17-2367,Stanford,Novkovic,M
799-64-4728,Bent,Biagi,M
246-18-1293,Asa,Gyorffy,M
508-17-3515,Adiana,Fritschmann,F
428-08-2989,Sharia,Bangley,F
176-38-1814,Cammy,MacCurtain,F
333-66-0969,Elana,Reihill,F
619-71-8961,Corette,Pitone,F
893-96-5189,Clair,Dallicott,F
664-88-2539,Bord,Zouch,M
693-19-1529,Darren,Cheale,M
709-40-2886,Georgetta,Turbefield,F
718-87-7327,Linn,Deam,M
745-54-5655,Barbabra,Cirlos,F
435-62-4458,Odie,Bumphries,M
646-02-7880,Floyd,Winton,M
735-03-1831,Iseabal,Berryman,F
814-41-9367,Janel,Pudge,F
638-93-8213,Giovanna,Agdahl,F
865-63-8223,Lowrance,Spilstead,M
869-21-8737,Bailie,Landon,M
705-84-7008,Kalvin,Ramme,M
848-02-4169,Dal,Bullene,M
898-05-6793,Gustaf,Franschini,M
525-36-8870,Juliet,MacRory,F
460-66-0561,Lexie,Orhrt,F
324-20-9499,Yurik,Budd,M
870-10-4932,Simon,Idenden,M
851-39-1060,Alexandre,Losel,M
722-52-2567,Gustavo,Penddreth,M
222-61-9199,Fidelio,Godspede,M
594-36-0382,Howey,Penticost,M
126-83-7979,Jemie,Crutchley,F
291-76-0272,Pernell,Guerreru,M
216-50-3240,Jessey,Thomerson,M
810-19-8150,Ashleigh,Bamford,F
696-43-4853,Kylie,Challace,M
172-21-1103,Del,Haggerty,M
613-21-9372,Jyoti,Kellert,F
103-73-7469,Sallyanne,Ewert,F
572-17-7722,Meara,Leason,F
646-65-5459,Dari,Lodwick,F
603-22-5091,Elvina,Cainey,F
616-03-3173,Yvette,Breeds,F
672-04-0359,Gretel,Pinniger,F
875-81-9175,Niki,Santos,M
255-53-6321,Melosa,Goldson,F
490-18-9075,Bran,Kippins,M
662-34-8615,Ferrel,Jennery,M
628-45-4525,Winston,Castillou,M
426-51-1126,Rebbecca,Eggleson,F
687-99-5265,Yorker,Enderson,M
832-14-9321,Aldin,Biskupek,M
408-15-8269,Haleigh,Karlowicz,F
297-15-1017,Lydie,Haggar,F
852-58-3739,Tony,Robottom,M
555-71-8512,Jacklin,Greenwell,F
123-87-8594,Byran,Heggs,M
484-45-7730,Amelia,St Ange,F
209-21-9278,Johnath,Blanket,F
311-14-4607,Shalom,Nutt,M
537-08-0036,Llewellyn,Marchment,M
121-91-5834,Elnore,Crump,F
812-65-3118,Sydney,Bigham,M
196-85-9689,Talbert,Booth,M
160-61-0042,Fielding,MacDirmid,M
131-17-7423,Sherye,Theobald,F
135-34-9762,Freeman,Jorin,M
403-11-8676,Arney,Gymlett,M
210-73-5901,Kristyn,Burdell,F
270-88-9309,Roseanne,Nyles,F
336-39-9434,Cam,Lindstedt,M
588-58-5398,Myrle,Filov,F
419-42-7855,Gleda,Gregoriou,F
297-20-6978,Godfry,Battlestone,M
327-67-9909,Ida,Frostdyke,F
462-29-6480,Andrus,Ropcke,M
733-92-1500,Tab,D'Andrea,M
835-01-5525,Isiahi,Ibanez,M
658-55-2279,Gerrie,Kitteridge,M
462-83-7488,Garrett,Randles,M
379-65-3597,Baxie,Quakley,M
760-72-0362,Jerrie,Cruz,F
417-26-9919,Earl,Vannuchi,M
247-03-7301,Connor,Shepcutt,M
763-89-5563,Daphna,Gladstone,F
322-65-4724,Clayborne,Mullender,M
497-62-1042,Theobald,Smiths,M
711-41-7550,Zita,Poytres,F
804-05-9048,Missy,Bonass,F
523-36-5970,Jayme,Balcock,M
257-94-1348,Kirbee,Reyson,F
769-69-5486,Bud,Sayers,M
635-28-4264,Heath,Blenkensop,M
383-18-6614,Cleve,Larkworthy,M
229-18-0505,Darrick,Nelane,M
852-75-2670,Gothart,Nussgen,M
672-59-1903,Milo,Klaus,M
748-64-1672,Sonni,Buzine,F
513-27-8222,Kippy,Twiddle,F
116-81-8976,Ky,Etchells,M
706-68-6690,Luce,Marsay,M
864-47-3479,Nevin,McIlriach,M
853-27-1899,Lonnard,Berridge,M
188-74-3714,Carmina,Purvey,F
155-70-0430,Ebeneser,Marshfield,M
597-85-0583,Euell,Raylton,M
207-60-8590,Wilden,MacKeig,M
711-86-3845,Rasla,McClounan,F
806-93-1554,Prudi,Hinsche,F
350-81-2028,Neila,Foottit,F
692-58-4719,Benita,Garlic,F
548-93-4371,Malachi,Caesar,M
837-99-7303,Carolina,Grassett,F
617-36-7753,Yule,Ehlerding,M
162-19-2971,Celisse,Gowans,F
333-54-4400,Nerta,Janew,F
616-89-4321,Chicky,Rasell,F
370-05-3996,Kylila,Meeus,F
290-08-8797,Lori,Nacey,F
676-30-5713,Sena,De Souza,F
566-77-4872,Queenie,Brame,F
600-25-3189,Elly,Reese,F
460-08-8939,Annetta,Loudwell,F
267-98-9002,Marvin,Alton,M
789-35-0759,Kerrie,Tassell,F
208-46-8148,Darleen,Chasemore,F
226-93-8014,Kellsie,Houltham,F
235-72-7664,Nealy,Genny,M
515-34-0901,Riobard,Bellfield,M
228-33-3720,Alidia,Kezourec,F
494-48-6317,Tanney,Kyttor,M
640-02-5068,Keri,Oehm,F
371-34-0194,Silvio,Weeds,M
352-91-2095,Arel,Camolli,M
785-59-0417,Kessiah,McQuin,F
625-76-4882,Teddie,Wadsworth,M
898-59-8714,Kaia,Laugharne,F
130-61-1441,Rinaldo,Bockin,M
130-79-5697,Ardys,Altham,F
421-68-1790,Fidelio,Phalp,M
385-95-1414,Vilma,Sheed,F
227-94-7594,Vittorio,Kesterton,M
538-64-7657,Cornie,Dearden,M
805-06-0074,Sargent,Hailwood,M
816-17-9379,Jaclin,Douglass,F
310-99-8453,Chrotoem,Berns,M
850-97-3100,Inger,Evason,M
832-72-2555,Gerry,Petrasch,F
230-93-0890,Cash,Renner,M
202-02-1151,Oralee,Till,F
588-25-0372,Ron,Durbin,M
664-71-3713,Ruthi,Doey,F
681-44-0449,Jacquie,Leversuch,F
516-52-9870,Aubrey,Penna,M
574-15-7040,Rozanne,Seary,F
653-96-9028,Phillida,Seldner,F
822-41-8957,Bertrand,Ciottoi,M
416-19-1259,Abagael,Schoffel,F
190-70-3496,Saraann,Shimuk,F
464-70-3355,Marmaduke,Linden,M
613-03-9235,Conn,Jantet,M
645-95-5894,Giffie,Keward,M
164-41-7319,Dre,Salazar,F
252-19-4700,Rorie,Brimilcombe,F
485-59-7036,Lindy,Bulley,M
721-56-2334,Eugenius,Bakster,M
310-53-4817,Mozes,Baynard,M
250-89-6323,Dido,Dell,F
797-62-4931,Terrill,Strevens,M
464-33-2250,Atalanta,Puttick,F
230-52-3133,Derek,Spilstead,M
825-47-5539,Lydon,Elecum,M
485-33-8315,Constantina,Valentin,F
444-49-4199,Libby,Costard,F
173-98-9318,Cordula,De la Yglesias,F
102-42-4296,Rory,Petel,M
250-76-9493,Melloney,De Freyne,F
749-51-6322,Felita,Slater,F
701-24-7771,Bidget,Grange,F
303-27-8645,Anna-diane,Batalle,F
415-37-6385,Normand,Pratchett,M
534-22-2745,Olenka,Clears,F
369-60-4343,Elladine,Whithalgh,F
825-14-3555,Callida,Stannas,F
160-74-1720,Rickard,Ortner,M
436-47-7101,Ramonda,Cattonnet,F
890-41-3068,Charlotte,Dewdeny,F
160-16-8326,Cori,Lornsen,M
339-21-2358,Lenette,Walklot,F
306-84-8207,Heinrik,Yakob,M
516-27-0994,Margaretta,Munn,F
668-02-1435,King,Gauford,M
194-70-7554,Gwennie,Blaes,F
829-68-1984,Bernadette,Matyushonok,F
183-32-7386,Liana,Tink,F
602-77-7069,Mahalia,Srawley,F
206-60-9321,Sampson,Berth,M
205-38-7493,Helga,Eltone,F
600-97-9779,Kennan,Correa,M
742-91-0632,Archibaldo,Gottschalk,M
549-43-1499,Glenine,Chastney,F
768-01-0049,Brody,Glanfield,M
175-39-5517,Herculie,Cullerne,M
401-55-1018,Lindsay,Deas,M
101-70-7893,Rosene,Gwinnell,F
689-96-5552,Barnabas,Szach,M
465-90-1477,Milo,Hutchinges,M
652-52-9626,Christabel,Ganter,F
286-12-1423,Cecile,Smart,F
538-54-5129,Kellen,Quilleash,F
102-06-2546,Laurens,Demougeot,M
201-01-8190,Norris,Aldren,M
548-59-7688,Herbert,Antonelli,M
537-98-8495,Ugo,Lowton,M
223-65-9996,Nert,Ridger,F
416-79-9410,Jessamine,Sayes,F
447-95-6251,Constanta,Gerhartz,F
745-77-7338,Guthrie,Mulvagh,M
728-67-5777,Kaia,Cottu,F
540-34-1878,Perceval,Titterton,M
558-33-4264,Ron,Delacour,M
505-49-7002,Royce,Coatts,M
543-56-8194,Ardys,Horlock,F
327-02-5411,Gabriell,Readings,F
283-37-0903,Neala,Maywood,F
601-26-1222,Carree,Canero,F
162-24-5312,Osgood,Pawling,M
746-21-0599,Caterina,Evans,F
802-38-3999,Gwendolin,Itzhak,F
361-98-5446,Kimmy,Fackney,F
270-70-5332,Timothy,Benallack,M
825-12-1722,Modesta,Grinnov,F
668-86-2955,Elaina,Bentham3,F
887-26-4206,Dorrie,Snalham,F
545-54-5041,Munroe,Bill,M
741-73-3678,Hubey,Radbone,M
870-47-9412,Gawain,Ondrusek,M
189-37-8516,Rickert,Fransson,M
739-35-6581,Wynn,Elsmore,M
226-72-7418,Angelo,Le Blond,M
131-49-1302,Christel,Mushawe,F
660-73-0224,Brien,De Carteret,M
251-77-4280,Emmye,Van Oort,F
478-78-3623,Kendre,Farndon,F
609-80-8037,Johnath,Neasam,F
875-76-3459,Lindsay,Clears,F
885-83-1869,Nelia,Pyvis,F
696-73-7586,Ozzy,Kemwal,M
616-56-4701,Christin,Walliker,F
564-63-7395,Fiann,MacGinney,F
653-23-4057,Joelie,Coote,F
457-74-3375,Eal,Pirson,M
369-57-3025,Hort,Houselee,M
473-50-0911,Peggi,Merring,F
708-27-2024,Riccardo,Pabelik,M
629-09-6907,Christoper,Pasek,M
641-52-5178,Cesya,Grubb,F
507-87-7551,Nico,Peschka,M
290-55-4770,Tynan,Pietzner,M
565-80-4730,Malcolm,Zanetti,M
708-41-6023,Eugene,Tomik,M
704-86-5108,Bobbee,Vigours,F
410-45-3605,Krystyna,Roux,F
619-51-0953,Pavlov,Mumford,M
676-98-1461,Ashia,Bowdrey,F
479-82-1317,Sully,Ledwich,M
355-72-9559,Mitchael,Bettington,M
226-36-4427,Saidee,Biggerstaff,F
827-35-6203,Frazier,Brazer,M
291-92-3455,Fania,Newbatt,F
758-45-2667,Elmer,Carbine,M
769-41-6424,Demeter,Pfeffer,F
571-25-1715,Monroe,Gokes,M
271-32-9772,Frasquito,Mardling,M
761-89-2874,Cacilia,Faltskog,F
605-86-7298,Dorothy,Denzilow,F
766-15-3442,Dasya,Brennen,F
495-26-0598,Kristian,Worboys,M
755-62-2769,Celestina,Cudworth,F
356-50-4288,Dallas,Mieville,M
403-87-2896,Hatti,Copo,F
620-15-9827,Rennie,Masdin,F
445-39-4080,Fee,Janczak,M
832-42-1523,Katey,Leyden,F
887-20-3881,Nancie,Redolfi,F
836-46-8802,Guendolen,Edginton,F
558-72-0129,Ernaline,Matous,F
777-44-3249,Antin,Sainz,M
565-64-7878,Averil,Illesley,M
473-92-6340,Timmie,Maguire,F
237-90-1228,Derek,Hews,M
750-48-1875,Lilah,Killingsworth,F
878-26-7776,Phoebe,Lowdeane,F
379-08-4524,Sydel,Gayter,F
690-94-0278,Manuel,MacKartan,M
496-07-4273,Kennan,Chevers,M
230-30-2511,Mordecai,Fleeman,M
579-03-7457,Merrily,Redfield,F
424-74-3452,Joey,Flageul,M
343-09-2993,Gavra,MacGilrewy,F
156-42-1052,Fulton,Chaudhry,M
307-97-7022,Drud,Drever,M
869-19-1100,Brandon,Oxbrow,M
264-09-0806,Cale,Treadgall,M
203-21-4116,Thibaut,Cunney,M
537-76-3520,Laural,Rengger,F
271-26-4049,Yetta,Kealey,F
836-97-6621,Veronike,Quinton,F
481-12-6909,Rouvin,Adolfson,M
110-05-3489,Alphonse,Mullin,M
565-23-9122,Mechelle,Alcalde,F
481-45-9802,Zed,Goreway,M
774-88-5940,Eugine,Dohr,F
795-40-9836,Manfred,Blade,M
877-15-5796,Jaye,Burgoine,M
824-28-5415,Price,Dumblton,M
648-52-0201,Dalila,Hoffmann,F
585-84-8859,Gipsy,Rowlatt,F
675-16-5435,Carola,Caulliere,F
287-54-9383,Udell,Woodard,M
264-67-5097,Artair,Crawcour,M
140-71-9485,Sammy,Jenks,F
820-69-2652,Cesaro,Blackley,M
754-52-0982,Jorge,Dunne,M
516-43-4086,Julie,Patrickson,F
595-77-1790,Alexandrina,Bletcher,F
519-94-0867,Neila,Gorke,F
208-14-2347,Selma,Fowells,F
734-07-8123,Redford,Marney,M
711-41-4900,Rufe,Carnduff,M
150-40-1927,Hermina,Sneesby,F
668-48-9889,Cozmo,Filipov,M
422-16-9681,Kin,Januszewski,M
888-79-9035,Adriane,Manz,F
857-85-1149,Patin,Dell,M
830-60-8596,Elsey,Jammet,F
351-03-7688,Claudina,Teers,F
496-84-5230,Kizzee,Bawme,F
836-61-8215,Grove,Hotton,M
415-52-5601,Norene,Kintish,F
309-21-9499,Herb,Filoniere,M
134-28-1489,Holli,Muckart,F
763-40-0653,Gertruda,Tofpik,F
829-31-0456,Tracey,Dignan,M
334-55-2800,Jaymie,Adamson,M
574-19-1621,Alf,O'Hartnett,M
369-17-4147,Cris,Heath,F
727-60-0025,Nerissa,Borges,F
803-19-8103,Rickie,Dabbes,M
167-40-7155,Othilie,Whitnell,F
369-56-0034,Prescott,Senogles,M
366-36-9771,Gardner,Bellchamber,M
171-54-5447,Katina,Endecott,F
462-16-4279,Esdras,Pearse,M
818-86-5091,Kermie,Warlow,M
616-63-8650,Pattie,Duggary,M
255-65-8012,Andria,Cometson,F
168-90-9267,Giacopo,Boas,M
210-47-9076,Hy,Rowe,M
689-51-7018,Bill,Joskovitch,M
773-17-2574,Maribeth,Bleue,F
434-97-9820,Anthea,Hardaway,F
574-67-1764,Maison,Varey,M
813-20-5117,Roderigo,Burtonwood,M
166-71-9603,Demott,Boor,M
226-21-0077,Antonia,Dradey,F
534-76-9043,Trstram,Leap,M
690-14-5576,Kennedy,MacArd,M
799-11-4119,Carce,Forrester,M
834-83-9454,Alla,Daveridge,F
851-96-1505,Nelia,Stoltz,F
611-22-8755,Calypso,Gately,F
548-15-1191,Ethan,Piaggia,M
147-54-6573,Bethanne,Riddett,F
475-01-3107,Enoch,Milbourn,M
186-01-7567,Corinna,Froment,F
484-06-1153,Chris,Tillett,M
854-24-6061,Salaidh,Lantoph,F
615-27-8970,Bear,Yarnold,M
243-27-2827,Krissie,Hugonnet,F
636-48-1487,Arabelle,Cecely,F
600-46-6746,Scarlett,Boecke,F
887-74-4441,Belita,Abercromby,F
820-78-3414,Deanne,Dodson,F
428-41-2415,Stepha,Korneev,F
370-98-2678,Georgetta,Holgan,F
697-05-3981,Willi,McKinie,M
747-39-0726,Bear,Venny,M
799-68-8662,Ash,Tebald,M
730-73-3939,Pepita,Larderot,F
458-96-1367,Genna,Smead,F
785-67-2992,Felike,Chatell,M
482-74-2575,Brandea,Trusty,F
497-16-6456,Mimi,Chipchase,F
784-02-7214,Hermie,Healing,M
576-32-1133,Hynda,Adelsberg,F
833-15-3946,Zolly,Pymer,M
115-09-3779,Alidia,Audry,F
256-86-6246,Catha,Rubega,F
656-14-0128,Ulberto,Gyngell,M
568-01-7047,Margarethe,Hould,F
755-35-0560,Fonzie,Whightman,M
130-43-5008,Fara,Grutchfield,F
637-86-9939,Godwin,Le Brom,M